ID,y
1,82.566696
2,94.95782
3,81.219086
4,76.9783
5,113.63046
8,91.016014
10,103.06498
11,93.79979
12,117.59914
14,96.85652
15,116.716225
16,105.851265
17,100.15413
19,91.49441
20,99.25537
21,103.29743
22,118.26682
23,100.239716
26,94.840836
28,96.27175
29,100.239716
33,100.239716
35,94.65228
41,100.15413
42,95.131905
43,117.19288
45,103.14384
46,101.3499
51,94.63637
53,84.456604
55,110.659454
56,105.322754
57,109.2389
58,98.08468
59,107.36195
63,105.861
64,94.56671
65,101.705475
69,98.124344
71,98.708565
72,104.57318
73,94.57627
76,105.97313
77,97.620865
78,114.02016
82,94.261665
83,101.705475
84,100.28744
85,105.66859
87,110.49432
88,100.15413
89,111.022255
91,99.335785
93,103.11714
94,105.197266
95,97.59283
96,110.95374
97,93.856964
98,109.830376
99,98.96931
101,106.00838
103,111.022255
104,94.00934
105,109.428246
110,97.101395
111,103.668205
113,104.09589
114,97.198616
115,112.60241
117,111.022255
120,96.50482
121,113.57556
122,92.295494
123,107.54609
126,107.73059
132,108.82084
135,111.43565
137,102.30546
138,95.00622
140,104.25367
142,112.75125
144,110.80269
148,92.68263
149,111.69965
155,97.87949
156,111.92671
157,93.856964
162,114.27396
163,95.37223
167,96.010315
172,117.19288
179,107.99909
180,91.82632
181,108.76363
182,98.92013
183,111.022255
185,111.022255
187,108.0723
188,92.965324
189,94.51933
191,93.59166
192,106.032616
193,93.424866
194,109.197784
195,95.56759
196,99.01936
198,109.78551
199,110.82646
201,99.50889
204,95.154015
205,107.02697
206,105.470604
210,98.13884
211,106.00838
216,112.08467
219,117.510956
220,93.949844
221,108.67874
226,108.76363
227,92.841
228,110.32842
230,110.85536
231,93.856964
235,117.9784
236,96.03507
238,111.94383
242,103.59236
243,94.41009
244,79.01331
245,112.02107
247,117.21492
248,94.709656
249,92.2405
250,112.72118
251,96.03507
253,117.9784
254,97.52885
256,95.30331
257,91.99432
258,109.56077
259,98.15206
262,78.07129
266,98.25518
267,113.183464
272,104.195564
273,111.022255
275,94.85659
276,108.86514
279,94.07192
280,101.705475
283,92.59583
285,110.457466
288,111.022255
289,106.57355
290,100.47271
291,95.874146
292,105.03842
293,105.06474
296,96.21659
297,104.73389
298,114.36799
299,94.261665
304,91.659485
305,87.39027
306,95.30319
307,109.48454
311,104.27202
313,109.421425
314,92.363
316,112.22888
324,112.68468
327,99.58567
329,93.03611
330,109.26724
337,96.74255
338,95.9832
339,100.83398
340,94.29246
343,93.5458
345,115.88427
346,96.70491
347,114.68272
349,111.00974
350,95.04898
352,105.63956
353,93.57018
354,76.269844
357,95.04603
358,108.28693
362,107.049034
364,105.06518
365,102.665855
366,102.36621
367,106.66926
368,93.85091
370,80.10933
373,98.02767
377,94.50468
378,107.76811
382,106.02879
384,110.80464
390,98.79751
392,113.03106
393,109.34325
395,94.0192
396,97.07575
399,80.30412
406,109.421425
408,109.421425
409,96.34821
410,80.4195
412,113.82726
413,89.757965
419,98.86472
420,105.469444
421,89.691284
430,106.99387
434,93.71148
436,94.5349
437,102.876656
438,91.0535
439,111.71893
440,100.665215
443,101.92366
446,95.20356
448,94.69451
452,95.009125
453,108.97049
457,98.17683
458,95.30788
459,113.340645
460,103.48553
462,103.44169
464,102.30209
465,117.59914
467,113.89452
471,107.34962
472,77.17419
473,103.600395
475,95.81352
480,103.731125
488,106.031136
490,109.48454
491,105.289925
492,81.9064
493,97.674225
497,94.749214
498,108.60093
499,94.50357
500,101.3499
501,94.84567
502,113.549995
506,89.67501
510,108.34889
511,90.39852
512,94.13123
516,92.6085
518,96.619354
519,114.68272
521,92.551865
522,111.80526
526,114.46188
529,102.98422
532,111.87174
533,94.51791
536,111.24484
537,95.16505
539,94.435394
540,106.0406
541,98.0261
543,94.54167
546,111.211494
547,95.76812
548,79.31585
551,94.575226
552,106.58563
556,102.89946
557,99.838
558,106.66926
559,93.255745
560,106.0169
562,105.959305
566,98.02165
570,108.60093
571,102.876656
572,101.13182
573,93.67745
575,117.59914
576,108.18715
577,94.93599
579,89.9807
580,114.35392
581,108.421036
589,109.48454
591,101.80897
593,93.31188
594,103.90934
595,95.11299
598,94.83309
602,107.84618
604,112.01853
606,108.41349
608,102.45034
609,106.00838
610,97.00666
616,108.99171
617,93.39037
618,105.64642
620,107.52528
622,101.1442
623,89.23584
624,110.08443
626,112.80681
628,112.28981
629,96.909325
630,110.85536
637,92.26597
638,103.071335
643,106.01739
645,103.731125
646,112.508156
648,95.11611
652,99.94928
653,101.05093
654,108.60093
656,111.66038
657,105.14582
659,97.18442
660,109.996216
663,93.98526
664,110.11051
666,107.25162
668,104.75577
669,94.2083
671,93.67281
675,90.52976
677,95.31412
678,106.05047
679,103.02997
682,108.67767
685,107.83701
687,96.32589
688,94.49652
693,110.94201
696,99.68084
698,93.62393
701,99.34671
704,97.65031
705,117.12967
709,104.07621
710,99.91505
711,107.83373
712,100.81972
714,110.13443
715,96.85936
716,109.40374
717,94.62329
720,116.716225
721,93.370026
724,100.96995
725,95.45847
726,101.32935
728,110.64141
731,98.1125
734,111.768936
738,92.75605
745,106.90437
746,92.154366
751,78.65676
754,96.3467
756,96.90405
758,99.42611
759,109.62451
761,118.32994
766,101.03895
767,109.16646
768,89.73943
769,110.905266
770,98.13432
771,81.8489
772,107.63471
773,96.584564
774,102.47822
776,110.83361
777,105.37812
780,114.27133
782,105.86809
787,102.07552
788,94.435394
792,91.35791
793,115.04447
798,108.89874
800,91.47447
806,109.40374
809,110.97528
811,106.272606
812,96.253204
814,117.59914
816,107.52647
817,92.432175
818,106.97307
820,101.178925
823,95.30788
829,94.84186
830,113.039246
831,90.731636
834,109.947784
839,104.28316
841,84.82104
844,104.89937
845,94.48097
848,91.54272
850,114.26005
851,106.25089
852,100.59095
854,93.58748
855,104.79385
856,107.22159
859,103.02442
861,102.47822
864,91.9255
865,103.93993
866,90.645775
867,100.15392
869,96.40879
871,92.34999
872,109.40374
882,103.28818
883,93.71148
885,94.37308
888,99.228195
893,108.43292
901,106.6337
903,105.11741
904,96.46555
905,108.335266
910,100.69439
911,112.27737
914,113.43501
918,106.48236
921,93.550766
928,97.8214
929,109.03604
932,103.27631
933,98.60407
934,100.69439
935,108.2288
937,80.566414
939,94.46882
940,102.55952
941,99.105225
942,105.55584
943,92.24087
944,104.42379
947,109.40374
949,111.91064
951,101.39416
952,95.829315
953,105.11741
954,77.84403
957,110.83361
959,90.29422
960,111.47601
963,117.59914
965,109.40374
967,109.02061
971,94.87118
972,79.57757
973,91.69539
974,111.23635
975,98.77694
978,107.226265
980,98.29334
981,93.464424
984,111.225525
986,100.69439
988,89.73943
989,107.18047
990,108.464905
992,106.6337
996,104.208145
999,109.65376
1000,103.895706
1001,103.93993
1002,91.28741
1003,110.83361
1004,90.8309
1008,110.67666
1009,104.36014
1010,106.78463
1012,109.174034
1013,98.702446
1014,109.433556
1015,95.10991
1016,117.27503
1019,93.03914
1020,108.41306
1021,100.69439
1022,100.51428
1024,100.69439
1025,78.59446
1027,94.860535
1028,109.31423
1029,97.11669
1030,100.83564
1033,110.76961
1036,102.63601
1037,108.66883
1038,91.41875
1042,94.46882
1043,106.67005
1044,95.63296
1045,110.76657
1047,116.12226
1050,95.01577
1051,108.17301
1054,95.30788
1056,93.464424
1057,95.07288
1059,94.35182
1062,107.40591
1063,100.723015
1064,93.464424
1066,93.05549
1070,114.082565
1076,110.09701
1077,99.921364
1078,110.94163
1080,107.964615
1082,104.032394
1083,99.43488
1089,106.79034
1091,98.88868
1093,95.06684
1097,95.04028
1099,99.18088
1101,100.28897
1103,99.8406
1104,110.99812
1106,107.40652
1109,94.38347
1110,109.94733
1111,106.043846
1112,107.98174
1114,94.63637
1116,97.023926
1117,108.4823
1120,98.495255
1124,110.06769
1125,94.086395
1126,114.06887
1134,106.023994
1137,90.93157
1138,111.92898
1144,110.74725
1145,95.244415
1146,92.14064
1148,99.90876
1150,98.31489
1152,104.93791
1153,101.27666
1154,106.04944
1155,95.629684
1157,97.265686
1162,97.29826
1165,111.49413
1166,95.92753
1167,100.867905
1168,103.69031
1169,102.96692
1171,118.26682
1172,102.8105
1173,102.96692
1174,98.15057
1176,106.11428
1177,107.24701
1178,95.3913
1182,112.15855
1186,102.52277
1187,105.7611
1188,92.36004
1189,114.27133
1191,108.07416
1192,95.79874
1197,108.75282
1198,97.0465
1200,79.78609
1201,94.41009
1203,97.025215
1209,117.59914
1214,106.770424
1218,111.62017
1222,98.660545
1226,100.127205
1228,96.888054
1230,101.34907
1232,84.23222
1233,107.79391
1236,114.66045
1238,100.071915
1241,110.74725
1244,99.24835
1246,102.24437
1247,103.201225
1250,104.94136
1251,101.19656
1254,106.60411
1255,99.08861
1256,108.28774
1257,96.28954
1258,111.305435
1259,112.196465
1260,93.82604
1263,111.03137
1267,78.81667
1268,109.42788
1271,98.275116
1272,108.43292
1274,105.76846
1275,97.29826
1276,108.17301
1277,90.645355
1279,92.14064
1281,97.19434
1282,92.36004
1283,105.62836
1285,107.26802
1286,93.86355
1289,112.6636
1296,98.300545
1299,98.4579
1301,104.208145
1306,94.74584
1307,94.71272
1308,94.81889
1313,108.17301
1314,96.04216
1315,109.94733
1316,92.66618
1317,108.47481
1319,93.01841
1323,106.67277
1324,109.19729
1325,97.03848
1328,103.1773
1329,92.69622
1330,102.43392
1331,101.551414
1332,106.16758
1337,100.70589
1338,98.84679
1339,92.718414
1340,101.57522
1343,106.63304
1347,110.50481
1348,96.98296
1349,107.172844
1352,93.910645
1354,103.72854
1359,110.85099
1360,100.74957
1363,108.10926
1364,100.889145
1365,103.33141
1366,98.786674
1372,97.47169
1375,96.787964
1376,97.56071
1378,94.67252
1379,108.049355
1380,101.04877
1381,100.953575
1384,108.94046
1387,100.61105
1388,106.81001
1392,73.382996
1394,102.62028
1395,95.93041
1396,108.93346
1398,95.46676
1399,108.93346
1400,92.25313
1401,93.366295
1403,102.054504
1404,98.70951
1406,108.93346
1407,94.38671
1408,111.19046
1410,80.111664
1412,109.04105
1413,92.78241
1415,96.66865
1420,111.19046
1422,109.16598
1423,100.33767
1424,111.19046
1425,97.668976
1426,80.111664
1427,100.7296
1429,93.31388
1430,107.28632
1431,103.53337
1432,100.761444
1434,110.11124
1437,94.06449
1438,105.56313
1440,110.59245
1441,104.955
1442,93.903984
1444,107.769905
1445,96.862854
1446,105.75021
1448,93.37567
1453,95.20337
1454,109.04105
1455,92.55049
1456,110.24174
1458,109.04105
1459,97.4218
1461,96.98474
1465,100.61105
1466,110.958626
1469,105.707405
1472,95.20337
1474,95.08038
1477,109.257034
1479,106.73775
1482,109.1528
1483,78.04247
1487,94.51896
1488,104.950516
1490,115.25079
1492,105.25961
1494,117.91679
1496,99.30099
1497,98.19954
1499,104.79336
1502,93.99437
1507,104.087204
1508,93.910645
1509,104.133896
1511,93.51878
1512,108.78543
1513,117.628456
1514,100.83254
1518,112.9971
1519,90.90669
1522,113.32996
1524,77.88042
1527,93.903984
1529,94.118195
1532,106.28085
1536,114.27526
1537,117.77388
1539,103.88626
1542,112.97206
1543,97.56071
1544,105.465004
1545,80.83282
1550,96.04681
1551,103.714554
1554,106.08886
1556,107.976456
1559,95.22765
1560,79.19283
1562,99.18443
1566,90.90669
1567,112.370316
1569,104.71461
1570,109.48027
1571,109.0091
1574,93.910645
1578,105.85959
1580,93.789604
1583,105.76251
1584,93.910645
1585,108.50546
1586,103.80845
1587,113.154396
1588,95.65512
1590,116.40486
1592,103.97451
1596,98.245384
1598,107.7351
1599,96.184105
1604,108.32205
1606,103.33709
1607,92.78241
1608,99.325615
1609,117.34579
1611,96.58721
1613,95.83097
1616,99.2973
1619,108.648285
1620,94.36489
1621,111.80301
1622,100.31123
1625,107.28858
1627,117.34579
1629,101.01061
1634,99.08626
1636,95.598625
1638,105.66259
1639,97.85427
1641,101.01254
1643,95.84628
1644,100.26572
1645,119.6628
1646,101.89113
1647,104.25018
1648,95.804726
1652,93.789604
1653,113.110916
1656,95.97728
1658,96.184105
1659,108.86278
1661,99.625404
1663,92.78241
1664,103.95814
1665,95.15755
1666,107.976456
1667,102.02054
1668,84.333855
1669,102.69425
1670,96.18019
1672,113.28344
1674,104.15113
1677,104.950516
1678,92.236336
1679,112.223404
1680,103.09499
1683,110.67665
1686,103.84555
1687,108.22887
1689,106.65415
1690,92.22267
1691,116.66892
1692,113.57688
1693,93.910645
1695,96.86416
1696,95.20337
1697,108.60891
1700,107.976456
1701,97.006584
1702,113.042564
1703,91.65497
1704,104.35627
1706,95.50993
1707,110.63712
1708,95.46672
1710,91.91074
1711,104.9571
1713,101.45724
1717,109.54288
1719,105.85959
1720,95.35763
1722,95.27353
1725,104.332794
1726,95.94687
1727,101.12794
1729,105.428696
1730,88.796135
1731,106.72584
1733,107.976456
1734,95.73061
1735,109.16598
1738,95.83097
1742,100.95559
1745,104.15113
1747,95.206314
1749,99.94566
1751,96.86854
1752,77.72885
1753,102.85442
1754,97.175514
1755,94.61317
1756,100.6769
1758,107.50352
1759,92.69074
1760,106.12572
1761,108.83186
1762,93.55922
1763,106.63163
1764,108.68136
1766,102.60685
1768,92.58694
1769,80.111664
1771,103.851585
1772,97.83802
1773,108.69646
1774,100.27111
1775,107.62883
1777,111.48992
1779,92.69074
1780,107.79309
1787,91.65497
1788,94.15029
1790,95.63301
1796,113.951065
1801,92.09709
1803,94.0422
1807,112.03861
1809,106.75425
1812,99.14386
1813,109.73146
1814,102.68023
1815,109.39363
1816,96.602196
1818,94.18776
1820,92.87351
1821,116.830986
1822,95.232544
1825,95.82681
1826,106.41758
1828,95.27432
1831,103.045265
1836,100.99761
1837,96.4562
1841,95.08038
1844,104.22801
1848,101.75771
1851,103.88626
1852,94.57752
1853,94.08464
1854,98.3344
1856,105.67696
1859,106.68123
1860,96.93107
1861,77.9304
1863,110.252945
1865,96.588844
1866,105.79716
1867,97.62863
1868,92.35799
1872,96.0423
1879,96.93039
1880,107.12185
1882,98.95788
1885,110.67665
1887,104.149345
1888,95.154945
1890,103.31107
1894,96.51991
1895,103.9421
1896,93.65462
1897,109.33495
1900,110.56702
1901,95.22765
1902,106.969
1905,101.18481
1906,107.49174
1912,106.2551
1915,96.511185
1916,106.50919
1917,93.88627
1918,103.41192
1920,77.56386
1923,100.726494
1924,103.31821
1925,95.72308
1930,117.20611
1932,112.27398
1933,112.63743
1934,110.49416
1935,94.94696
1940,80.111664
1941,97.02572
1942,113.77817
1943,102.081
1944,93.24994
1945,104.090775
1948,117.6342
1949,93.04948
1952,97.845276
1954,93.923874
1955,115.703186
1958,96.92074
1959,83.621925
1960,106.63163
1963,95.30702
1965,103.50899
1968,102.73171
1969,100.889145
1971,96.31986
1972,110.725494
1973,91.87628
1975,91.33551
1977,100.643776
1978,96.708595
1979,109.4812
1981,92.97225
1982,109.74773
1987,110.17148
1988,90.90669
1993,103.552505
1997,92.874954
1999,96.33631
2001,95.77997
2002,116.23765
2003,99.52235
2004,77.467834
2006,112.75651
2007,93.80557
2009,106.19123
2010,96.37622
2013,103.077286
2018,76.457436
2022,99.29925
2024,108.19471
2025,97.102005
2026,109.47987
2030,105.49182
2031,96.730194
2032,106.2551
2033,101.55037
2035,99.14715
2036,111.8201
2037,92.719406
2040,95.77136
2043,107.66035
2044,105.910706
2046,104.8094
2054,107.913124
2055,96.683525
2056,107.79309
2059,95.267235
2060,95.22765
2062,100.59406
2063,111.01591
2066,96.51991
2067,113.7297
2072,100.1099
2073,108.45823
2074,107.89343
2075,99.586075
2076,94.370415
2080,95.25
2082,95.22765
2085,99.95745
2087,109.27869
2091,107.55297
2092,96.50324
2093,107.79309
2098,99.49016
2101,106.63163
2102,94.18407
2103,80.111664
2105,106.123856
2106,94.046425
2107,101.13147
2110,96.43884
2114,99.6999
2115,111.916595
2117,86.05522
2118,95.512085
2119,104.3993
2120,95.8823
2122,103.420265
2123,113.58971
2126,93.92235
2127,107.41292
2128,95.18197
2129,108.65804
2132,109.90525
2135,107.28232
2138,104.584175
2139,117.20611
2141,110.80295
2142,93.59641
2146,97.3595
2151,111.4661
2157,106.8822
2159,101.06092
2162,92.143486
2164,117.84543
2167,94.29474
2168,110.63934
2171,97.63402
2173,96.01484
2174,105.67709
2175,95.40417
2178,95.36059
2180,96.03437
2185,111.342285
2189,93.480194
2190,111.5474
2192,102.52903
2194,111.03845
2200,103.464294
2201,99.58966
2203,107.68466
2204,97.501175
2205,110.44442
2209,110.07989
2213,103.81042
2214,92.4509
2215,108.996155
2216,100.15729
2218,95.69277
2219,109.34414
2220,102.09989
2222,94.59016
2223,103.822365
2225,109.417496
2226,96.43183
2230,97.70586
2233,111.55598
2234,108.564896
2235,97.501175
2236,77.60348
2237,92.292
2240,115.92515
2241,95.07233
2248,104.19258
2249,99.45988
2250,102.241554
2252,109.72038
2253,99.10407
2254,111.61974
2256,78.541466
2258,94.848206
2259,103.47503
2262,96.570915
2265,94.36193
2266,103.03065
2269,99.09221
2271,104.44433
2273,94.23124
2274,108.55872
2275,99.01808
2277,99.45371
2279,97.501175
2280,76.782135
2282,96.03437
2283,101.81273
2288,97.33921
2289,110.64888
2291,97.95909
2292,118.20419
2297,110.77949
2298,106.169044
2299,98.09876
2300,111.2348
2301,92.39435
2304,95.353355
2305,101.11984
2306,96.570915
2308,94.33008
2309,101.85268
2311,103.938614
2312,101.32709
2316,103.07684
2321,103.2021
2322,108.77427
2325,105.347755
2326,93.3662
2329,118.20419
2330,99.12346
2331,101.283714
2332,110.92657
2333,96.570915
2334,103.67832
2335,110.165184
2337,104.34009
2338,106.928986
2340,110.92657
2342,110.860634
2345,92.98607
2349,97.1051
2351,76.80327
2352,96.81117
2354,109.876434
2355,111.5905
2357,109.417496
2358,96.26239
2360,96.37361
2361,109.876434
2364,93.903984
2366,98.810905
2369,98.4422
2370,95.129456
2371,111.15326
2373,101.46989
2374,103.743
2376,113.154396
2378,107.231026
2382,104.89124
2383,93.2927
2386,106.40297
2387,100.68899
2389,98.683235
2390,106.153564
2392,93.40302
2398,110.92657
2399,95.03237
2400,99.35547
2401,109.44944
2402,95.94892
2404,98.69775
2407,99.246735
2408,102.4477
2409,106.59025
2412,83.54471
2413,101.36063
2415,94.32621
2420,100.65302
2422,98.233894
2423,103.08555
2426,92.59843
2432,99.40174
2434,94.17281
2435,96.56766
2436,108.865265
2438,106.156364
2440,105.740654
2443,100.37948
2444,91.9087
2447,104.19258
2450,93.52052
2454,104.357796
2455,109.62228
2459,96.570915
2460,104.174286
2463,95.78322
2465,93.65039
2468,79.876305
2469,96.47591
2474,93.102615
2478,95.26507
2480,91.77852
2481,115.92515
2489,96.03437
2490,100.90716
2492,95.40766
2496,96.570915
2497,103.192375
2500,95.89522
2505,95.822365
2507,99.387344
2508,110.44442
2509,93.78546
2510,75.90835
2513,91.26639
2515,96.03437
2518,93.2927
2519,103.39022
2520,93.2927
2521,108.160095
2523,107.70956
2525,96.575714
2529,110.451004
2530,96.9543
2533,104.76322
2535,92.06019
2538,96.99831
2544,106.878525
2553,110.30879
2556,93.11854
2558,92.328926
2559,110.076546
2560,93.87137
2561,108.63717
2562,96.93105
2563,107.61611
2564,88.79701
2565,111.55598
2567,105.74863
2572,93.39435
2575,98.351974
2576,113.46707
2577,94.49354
2578,96.14906
2579,107.4655
2580,94.08963
2582,104.24574
2583,93.07845
2587,90.91128
2589,108.97972
2590,96.33487
2591,110.451004
2594,97.11233
2597,97.36043
2598,105.29397
2599,96.11428
2600,94.72637
2602,115.383415
2603,93.39435
2604,98.03253
2606,99.4747
2607,77.72885
2608,100.15639
2613,110.50716
2614,102.313324
2615,112.80449
2617,109.54207
2620,101.445404
2623,107.64256
2624,99.654526
2627,110.50716
2629,77.72885
2630,95.484566
2632,101.46802
2636,94.81771
2639,105.87635
2640,108.224304
2642,110.451004
2644,107.28232
2646,99.196
2647,97.65612
2649,93.552895
2650,102.30483
2652,107.976456
2653,97.71005
2655,100.892586
2657,110.92657
2659,107.7497
2662,93.06828
2663,116.43812
2664,98.30223
2665,102.12683
2670,97.70881
2671,107.0428
2672,93.60658
2675,107.976456
2677,107.84394
2679,98.72127
2683,106.51543
2684,97.915344
2685,104.41619
2688,108.51068
2689,103.26295
2690,103.59138
2693,101.40813
2694,107.954834
2697,102.85883
2699,95.56256
2703,94.35054
2705,106.832
2709,81.785126
2710,94.38171
2711,108.61283
2712,96.94364
2713,97.0419
2714,109.36237
2715,98.75887
2717,93.06324
2718,110.61788
2720,108.87884
2721,95.855515
2726,103.30385
2728,91.575
2731,103.24523
2732,109.95911
2734,96.26239
2736,103.3994
2737,96.472404
2738,103.447075
2739,100.48294
2746,96.086754
2749,105.66025
2751,119.6628
2752,101.76916
2753,97.554634
2757,101.60657
2758,94.51151
2759,109.08875
2760,101.43729
2762,109.845825
2764,93.39387
2765,108.61986
2769,106.38072
2771,106.02959
2774,93.847725
2776,94.2765
2777,97.71229
2778,95.89628
2779,106.174835
2782,92.778
2784,94.077034
2787,95.35979
2789,96.555885
2792,96.28559
2798,95.12866
2799,102.002525
2800,95.59952
2801,77.099625
2802,107.4926
2804,96.837906
2807,103.215385
2808,98.52849
2809,99.3718
2811,118.44291
2812,95.48378
2814,93.679
2816,95.99138
2817,109.15996
2818,102.03624
2820,101.50975
2821,83.8229
2822,96.89167
2823,110.32735
2824,96.06944
2826,95.23915
2829,97.139595
2834,96.24795
2835,78.83567
2838,95.24288
2839,106.947556
2840,93.3374
2841,105.324715
2842,96.570915
2846,113.77788
2848,100.68661
2849,92.54067
2850,109.36237
2851,92.43435
2853,98.03221
2854,110.451004
2858,102.602234
2861,103.46196
2864,94.94696
2865,116.43812
2866,104.62866
2867,91.68253
2868,113.443634
2870,107.75221
2877,99.51802
2878,110.50716
2880,112.361275
2882,77.48861
2883,97.06826
2884,103.69705
2885,98.2606
2887,95.83097
2888,110.59513
2889,92.12254
2890,105.75021
2891,103.74214
2892,118.70302
2893,94.584274
2898,106.95746
2899,96.49715
2900,108.67147
2901,93.722496
2909,105.695595
2910,110.995605
2911,119.95737
2913,97.04345
2914,102.32996
2918,96.05137
2919,108.36209
2920,91.823814
2921,110.50716
2922,99.05519
2923,98.8592
2925,101.12485
2926,94.08963
2927,110.23315
2929,112.9971
2933,94.79164
2934,106.11281
2936,101.64298
2941,97.72664
2942,96.68125
2943,109.52873
2945,102.615005
2950,94.769005
2951,108.280106
2953,105.96756
2954,99.91954
2955,105.44023
2956,101.1934
2960,105.833115
2962,96.95115
2963,106.44464
2964,105.97493
2966,76.787605
2967,95.60578
2968,98.09635
2969,91.018105
2971,92.18956
2972,109.660255
2974,95.41838
2975,106.73097
2977,117.91679
2980,107.41449
2981,90.314896
2983,98.76997
2984,98.83654
2985,118.20419
2986,98.94889
2987,109.660255
2989,96.720764
2990,107.56388
2991,101.88965
2992,79.876305
2995,102.85883
2996,99.465096
3002,109.756935
3004,108.54546
3005,118.33706
3006,95.56876
3010,98.65343
3011,103.959236
3014,94.08963
3015,96.079315
3016,93.83418
3017,104.10209
3018,94.796844
3021,102.86493
3024,105.29397
3028,96.189865
3030,95.43558
3032,92.6361
3039,95.24758
3040,102.72723
3041,98.777275
3043,99.89641
3044,113.66271
3046,105.66519
3055,98.32818
3056,108.67117
3058,93.69259
3059,106.078896
3061,117.77388
3063,106.55283
3066,96.92359
3067,105.29397
3068,77.19245
3069,95.855515
3072,115.39007
3073,113.35308
3074,96.5649
3077,95.355865
3082,101.34713
3084,102.85883
3085,101.52656
3088,107.28232
3091,95.50632
3092,112.71416
3093,99.55046
3094,103.24523
3096,110.49416
3097,88.71852
3098,77.63176
3102,118.46139
3106,92.82962
3109,96.77759
3111,94.169685
3112,118.33706
3113,96.756035
3115,100.201485
3116,106.23119
3117,99.10678
3121,102.008575
3122,95.44539
3123,95.9104
3124,100.61565
3125,93.83418
3126,100.96331
3127,116.66892
3129,92.65293
3130,113.86349
3132,107.46161
3134,105.5154
3135,106.5741
3137,76.05243
3138,101.5486
3140,104.42162
3144,105.57522
3145,107.91254
3146,112.80449
3147,95.27828
3148,102.78282
3149,104.53531
3150,112.87549
3151,96.77184
3152,97.96123
3155,101.3361
3156,109.36237
3159,92.25307
3161,98.54566
3162,106.56557
3163,95.86185
3165,101.70794
3172,103.88234
3173,97.92562
3176,92.62817
3177,107.47391
3179,106.73097
3183,95.09836
3186,95.557175
3187,100.73603
3189,107.04086
3190,97.92985
3192,116.66892
3193,103.88234
3194,112.74988
3197,95.74866
3198,94.755684
3200,100.94486
3201,118.93175
3202,94.755684
3204,95.822365
3205,93.34214
3206,105.4387
3208,103.33262
3210,102.46158
3211,101.2331
3212,117.77388
3213,97.70972
3214,105.72976
3216,105.75021
3219,93.17269
3220,109.92508
3221,96.756035
3226,106.30687
3227,106.074394
3228,100.40036
3229,102.99981
3232,79.876305
3233,94.24495
3234,94.62542
3236,98.47241
3238,110.438515
3239,111.056984
3240,91.19866
3247,109.193344
3249,105.14885
3252,114.43294
3253,98.081894
3254,105.39247
3255,96.82498
3256,107.00481
3257,95.459076
3262,103.762726
3263,107.976456
3264,101.1934
3266,113.81634
3267,99.49493
3269,97.341194
3272,118.20419
3274,95.74866
3275,104.93773
3277,102.08336
3279,97.12981
3280,107.20684
3283,95.653046
3285,95.83097
3287,105.55938
3288,105.29397
3290,100.75512
3291,92.22045
3298,108.68921
3299,94.163
3302,107.21172
3303,94.73529
3304,103.87185
3307,94.37438
3309,99.47478
3314,76.91407
3316,110.39386
3317,98.53053
3319,95.85169
3320,107.87406
3321,95.759674
3322,102.91083
3324,95.51196
3326,94.30197
3329,100.71368
3330,89.631516
3331,112.99768
3335,118.70302
3337,97.6755
3338,101.60624
3339,98.42122
3340,111.35874
3341,96.16117
3343,94.51133
3346,91.502914
3348,92.43986
3351,105.29397
3352,118.36528
3355,91.306206
3356,111.60599
3358,104.58145
3359,94.491615
3360,99.49887
3371,95.39817
3372,95.80751
3374,96.7231
3377,106.393585
3378,93.87157
3380,106.660416
3382,99.26093
3386,98.233826
3389,100.929375
3391,105.977844
3393,98.08257
3394,105.44772
3395,93.48995
3397,110.50716
3398,102.26973
3399,80.0269
3400,93.855865
3404,104.94332
3407,111.74371
3409,101.49754
3419,101.962776
3421,96.69072
3425,94.90293
3427,78.89242
3428,118.20419
3429,108.0782
3431,95.798805
3435,94.52243
3436,109.39579
3439,98.081436
3441,99.1632
3442,118.20419
3443,103.762726
3444,104.931366
3445,93.11584
3446,107.44267
3449,95.398964
3453,96.60372
3457,99.39388
3460,103.46195
3461,106.10851
3462,95.19014
3464,106.55283
3465,77.19245
3466,94.72385
3467,105.3518
3468,97.92566
3469,103.70155
3470,95.81598
3472,110.451004
3473,99.651566
3475,94.15515
3476,109.46049
3478,107.47887
3479,95.65126
3483,93.53253
3484,109.05701
3485,101.84889
3487,94.20661
3488,109.14271
3496,110.375145
3497,98.338936
3499,103.53337
3500,76.87845
3501,98.17791
3504,92.64738
3508,102.15128
3511,97.70852
3512,108.396866
3515,92.27474
3517,94.307205
3518,97.43521
3526,109.04757
3528,113.354935
3529,100.13589
3530,115.53225
3531,92.1718
3532,106.27383
3533,95.98301
3534,94.691666
3535,76.93252
3536,99.242966
3537,111.20009
3538,91.87018
3539,103.76054
3540,101.80113
3545,108.22288
3546,91.39979
3550,107.854034
3551,104.524086
3553,97.81369
3554,103.46195
3557,92.292
3558,108.15935
3559,95.398964
3561,92.072815
3562,110.50716
3563,96.85614
3564,105.29397
3565,93.11584
3567,95.421646
3571,105.29397
3572,96.480934
3574,108.36902
3576,94.86154
3577,106.453804
3578,95.13589
3579,95.187675
3583,95.12234
3585,102.11732
3586,105.24148
3587,113.951065
3593,94.03105
3594,103.38112
3595,95.24758
3599,93.990295
3600,106.56349
3601,110.451004
3602,95.398964
3604,99.49364
3609,118.85723
3610,107.114494
3612,110.23582
3614,98.33767
3615,94.97151
3617,101.1342
3618,113.09154
3619,112.94419
3620,109.17162
3621,95.7902
3625,105.26028
3626,104.452484
3630,102.4274
3631,102.79986
3632,96.5457
3633,92.80007
3634,110.66959
3637,98.470055
3639,97.67976
3640,107.44878
3641,92.887764
3644,111.8382
3645,100.032
3646,94.28813
3647,91.47066
3648,110.43193
3653,112.947556
3654,100.61503
3655,110.93471
3659,101.538475
3660,97.80705
3662,104.42099
3666,101.043365
3668,99.40717
3671,101.429855
3673,93.28149
3674,106.23384
3675,97.54291
3681,93.69855
3682,113.68871
3686,105.72976
3687,93.64414
3692,78.98594
3695,110.71432
3696,98.23612
3699,108.93784
3705,112.37109
3707,80.111664
3708,95.466446
3709,112.170746
3710,97.6453
3712,97.371574
3715,113.95892
3716,94.50449
3720,103.18225
3722,80.111664
3726,92.21547
3728,97.98345
3729,117.63886
3731,102.27646
3735,108.953476
3736,101.45821
3739,102.08769
3741,111.37358
3743,106.152916
3744,95.63301
3745,114.09705
3746,103.01727
3751,98.26167
3753,95.79246
3760,111.24248
3761,98.195885
3762,108.121895
3763,93.611946
3765,93.32672
3768,110.69266
3769,95.949585
3770,93.73672
3773,111.51239
3774,99.87282
3776,98.04269
3778,99.1007
3779,110.03483
3780,98.75742
3781,100.880135
3782,105.016785
3783,110.52888
3784,98.70829
3786,92.717804
3789,104.072525
3790,98.073654
3793,107.41649
3795,112.361275
3797,94.05722
3798,118.064514
3800,109.39579
3804,99.99281
3810,99.53617
3815,112.947556
3816,99.99281
3818,104.605995
3824,110.451004
3828,107.3063
3830,108.57415
3831,96.278854
3832,77.72885
3834,113.68871
3835,93.85586
3836,109.25309
3838,96.17698
3839,117.6342
3840,115.036026
3845,95.40392
3846,111.05267
3847,95.56247
3849,77.730064
3853,109.69277
3855,107.79309
3856,96.80974
3864,82.637085
3865,99.37057
3866,114.159294
3867,92.80803
3868,109.39579
3869,96.24126
3871,96.24597
3875,109.760994
3876,97.47063
3878,91.29747
3879,112.531136
3881,109.39579
3883,104.95158
3884,94.35666
3886,108.3786
3890,101.983215
3893,106.86117
3897,102.54755
3901,97.06676
3902,106.63163
3913,106.56002
3914,92.41188
3916,93.805885
3917,111.35473
3924,101.73232
3925,94.49883
3928,96.43817
3929,115.378006
3932,95.263596
3933,106.01013
3934,75.279655
3935,93.8538
3936,96.61037
3937,109.01523
3938,90.288086
3939,102.70809
3943,92.17619
3944,110.18412
3945,110.82646
3946,97.68527
3947,108.776505
3948,97.29815
3949,111.020195
3950,95.612465
3951,104.633156
3952,93.305305
3953,100.295006
3961,114.43155
3962,92.647545
3966,97.92687
3967,107.3764
3968,102.73509
3969,113.29988
3970,101.06593
3971,99.62802
3973,98.39385
3974,110.06651
3975,115.47652
3977,106.78685
3979,104.9607
3985,104.73649
3986,108.26852
3988,102.7134
3991,92.92112
3992,106.054306
3993,105.31753
3994,98.599174
3995,115.19178
4005,104.986176
4007,96.46786
4008,108.39761
4009,98.3749
4010,104.43118
4011,78.93897
4012,94.66088
4013,103.501526
4015,104.2763
4016,104.639946
4018,103.0644
4025,95.55296
4026,103.491585
4028,108.44837
4029,96.89426
4031,99.269226
4032,111.519424
4033,98.18226
4034,106.710945
4037,100.41084
4038,103.388756
4039,95.307724
4041,95.88008
4042,105.37027
4043,98.099075
4044,106.01013
4045,94.4294
4046,107.84953
4047,94.76453
4048,101.557
4049,98.701385
4051,93.22185
4052,114.073555
4058,103.27164
4062,110.91838
4064,107.00649
4067,96.19783
4068,76.96864
4070,102.53155
4072,117.93661
4074,108.13968
4075,94.87296
4076,108.49294
4077,96.2793
4078,104.81607
4080,106.01013
4082,101.4829
4085,92.22997
4086,101.23402
4088,103.491585
4089,98.03308
4092,77.12555
4094,101.73025
4095,110.04501
4096,98.40701
4097,109.46388
4102,100.02888
4105,106.1365
4107,111.47499
4111,101.96339
4112,103.075294
4113,92.30588
4114,103.6106
4115,95.536156
4116,108.77038
4117,97.580734
4118,95.351074
4119,108.15889
4120,96.931175
4122,78.46999
4125,92.83081
4126,112.19401
4129,110.32842
4134,105.50844
4137,94.92274
4141,98.49127
4142,100.08182
4144,99.909004
4145,101.73232
4146,104.41975
4150,98.72147
4151,78.56543
4154,96.19783
4156,92.80542
4157,106.09151
4159,104.639946
4160,95.49295
4161,109.137535
4168,95.91743
4171,107.17801
4172,106.90747
4173,97.6896
4175,92.624916
4176,106.01013
4177,99.909004
4178,102.025764
4179,103.15331
4181,105.58686
4183,96.89426
4184,108.16025
4185,92.73116
4186,112.2895
4188,102.9593
4190,113.15104
4192,93.77541
4193,107.09098
4194,110.99554
4195,107.48148
4196,77.82314
4202,97.57647
4203,97.77716
4208,90.46824
4209,111.15405
4210,98.8385
4211,107.986275
4212,117.88847
4214,106.39516
4215,94.19628
4216,105.42842
4217,93.24213
4219,93.37559
4222,109.01523
4224,76.132195
4231,105.99509
4232,96.89426
4234,98.73621
4236,99.909004
4237,105.021545
4240,96.279884
4242,99.91973
4243,93.00253
4247,93.19514
4248,118.1348
4249,100.18835
4254,104.81952
4263,93.01598
4265,114.02571
4267,108.07118
4268,111.87174
4271,108.771675
4272,99.03779
4273,107.93478
4274,95.556496
4276,92.61083
4278,94.435394
4280,95.54833
4281,110.74776
4283,101.59318
4284,110.72034
4285,110.201065
4286,106.19673
4287,98.90787
4288,121.287575
4289,94.12831
4290,84.74219
4293,94.19226
4296,112.89696
4297,93.427956
4299,95.027176
4303,106.726906
4310,102.0854
4312,104.061485
4318,106.15142
4320,103.28304
4322,99.65067
4323,119.51394
4325,108.0342
4326,111.13295
4328,110.53198
4330,108.41508
4332,112.59932
4333,100.35479
4335,95.696236
4336,102.75211
4338,105.37805
4341,96.16902
4342,106.43641
4344,104.40151
4347,95.56652
4348,106.98669
4351,105.79097
4352,95.97833
4353,100.38301
4355,104.81952
4356,92.37822
4359,103.19713
4360,98.83211
4361,96.98922
4364,101.2362
4365,104.31467
4368,99.17302
4372,93.08269
4374,88.49531
4376,94.71635
4377,112.05695
4380,93.57669
4383,104.50339
4384,94.435394
4385,99.51983
4389,93.51936
4391,93.15276
4392,105.76211
4393,90.22356
4395,96.6076
4396,110.735725
4398,111.20337
4399,109.76582
4401,90.68167
4406,99.74012
4408,107.38041
4412,106.98669
4415,102.23339
4418,106.57858
4419,88.49531
4420,77.12093
4422,110.18412
4423,88.49531
4425,97.29829
4428,101.85819
4431,109.00578
4434,105.875305
4436,95.8843
4437,110.73794
4439,117.310715
4440,97.35223
4441,109.263695
4444,100.66814
4445,107.22324
4446,93.70987
4447,111.12949
4452,107.8747
4456,107.87235
4457,92.479126
4458,98.40359
4460,92.37822
4461,116.84247
4462,98.181854
4465,104.51798
4466,102.204865
4468,98.73362
4469,107.371506
4472,108.28297
4475,93.406906
4478,96.205376
4479,117.91578
4480,95.4636
4483,76.062515
4484,94.50756
4485,107.61395
4486,101.06593
4488,100.90933
4489,110.0749
4490,95.90492
4491,99.53027
4492,92.724556
4493,105.76862
4494,96.04274
4495,99.30016
4498,77.5056
4499,92.31008
4500,102.303246
4503,106.917946
4505,104.15585
4506,96.82685
4507,94.02699
4508,106.15142
4510,110.16205
4511,91.1958
4513,101.83066
4516,80.65307
4519,94.02477
4521,104.54237
4531,91.95636
4532,77.25034
4533,103.09782
4534,103.53106
4536,106.15142
4537,92.479126
4539,94.79352
4542,103.07947
4545,92.78022
4549,89.0704
4551,98.76682
4554,101.55012
4556,102.56491
4559,111.9484
4561,113.08555
4562,111.68811
4566,111.13886
4569,95.00422
4570,110.735725
4573,94.64349
4574,102.23414
4575,99.036995
4577,93.0933
4578,109.58826
4580,98.363075
4582,98.942055
4583,110.18412
4585,93.96796
4587,106.15142
4595,92.30699
4596,106.03806
4601,99.0949
4602,110.759964
4603,93.59059
4605,103.72848
4606,93.95121
4607,111.973625
4608,95.64841
4610,96.04698
4613,108.035
4617,95.91443
4618,111.567375
4619,92.259575
4620,96.676544
4622,96.10562
4625,92.37822
4626,106.15142
4627,95.60587
4629,95.14109
4631,90.38138
4633,106.15142
4634,113.12448
4635,94.927284
4639,98.593834
4640,104.78491
4642,104.64342
4644,99.56787
4646,106.15142
4647,100.565636
4648,80.259155
4649,94.69451
4650,111.40197
4655,89.0704
4660,93.86927
4661,113.12164
4662,93.41997
4663,114.76908
4665,97.31719
4666,112.16345
4667,104.61196
4668,93.412
4670,95.12138
4671,103.849846
4672,98.13833
4673,104.98071
4675,109.06315
4676,96.05452
4677,110.26598
4680,97.448364
4682,97.228134
4683,108.89755
4685,106.98669
4686,92.78018
4688,110.04393
4690,103.31037
4692,109.80804
4693,92.7178
4697,89.11799
4700,104.6998
4702,109.12926
4707,117.78727
4708,92.17431
4710,84.15942
4716,104.42667
4717,96.21851
4718,95.26307
4720,96.45903
4721,78.80357
4723,98.311035
4726,110.7415
4727,91.3074
4729,96.595375
4731,97.23721
4732,105.588394
4735,105.67832
4736,106.028435
4737,93.59059
4738,108.98693
4739,112.4624
4744,106.77306
4747,95.54199
4749,108.29853
4750,92.17431
4752,110.18412
4755,103.512314
4756,106.64319
4757,111.15673
4758,96.36272
4759,105.609566
4763,97.27219
4764,107.90635
4765,94.60679
4766,93.02913
4767,98.01938
4769,112.2328
4770,96.28085
4771,79.89915
4772,104.82287
4774,110.99554
4776,103.38289
4777,108.28346
4778,103.5507
4780,95.54478
4784,96.24824
4786,103.93611
4787,77.12093
4788,95.42372
4789,110.18412
4791,105.286285
4792,94.58619
4795,109.95534
4796,89.935165
4803,91.94139
4805,92.006355
4807,94.005325
4809,95.05526
4816,92.56556
4817,75.74196
4818,89.942116
4820,94.48097
4821,105.24641
4823,110.04578
4824,98.181816
4825,115.22213
4829,94.32215
4830,97.57647
4831,109.2443
4833,104.78422
4836,92.19032
4837,110.04393
4838,92.83359
4840,101.50576
4841,80.24592
4842,93.15214
4843,107.485435
4844,93.23068
4849,108.013435
4851,99.82637
4852,94.24245
4858,92.62399
4860,97.57647
4863,112.53747
4864,97.29007
4865,110.31718
4867,97.21414
4868,95.62729
4869,109.92609
4873,89.47445
4875,103.52041
4876,110.09991
4877,97.40713
4878,110.19038
4880,76.7662
4886,115.074684
4888,107.14448
4889,93.958145
4890,109.1823
4893,95.19408
4895,96.27445
4896,102.496635
4899,93.90535
4901,101.32796
4902,110.42756
4903,96.34954
4904,110.18412
4910,92.92823
4912,92.23252
4915,95.979935
4916,106.31165
4917,101.266365
4920,104.82287
4927,104.44947
4928,94.908966
4931,105.716644
4934,92.905174
4936,95.53902
4939,107.54062
4942,111.36313
4943,96.902954
4944,107.11073
4945,95.62867
4947,110.2407
4948,91.29527
4951,94.29552
4952,110.18412
4953,101.61154
4956,96.34954
4957,115.98151
4958,100.6405
4960,96.37086
4968,93.8181
4969,103.63451
4971,107.354095
4973,110.99554
4975,110.61472
4976,94.946236
4978,94.1897
4979,98.57091
4982,97.77529
4983,102.91186
4984,99.22339
4985,117.64313
4986,102.50909
4987,114.43155
4988,101.84421
4994,97.12174
4995,93.03596
5002,78.01172
5004,94.16063
5005,104.08048
5006,99.59469
5007,107.15494
5009,110.973175
5011,110.99554
5014,104.22183
5015,102.43154
5018,99.36894
5019,111.90839
5020,93.80297
5021,103.90306
5022,91.22578
5023,100.20777
5025,96.75783
5032,104.05863
5034,90.242195
5036,93.393265
5038,94.48226
5039,109.309
5046,99.776535
5049,111.90839
5051,93.84333
5052,93.762375
5053,110.99554
5054,96.49878
5055,92.33735
5057,92.4576
5059,94.1997
5062,100.59289
5063,113.19064
5065,110.86202
5069,95.55381
5071,97.83923
5074,108.69602
5075,93.72339
5076,103.46546
5077,76.96864
5079,104.207726
5080,96.225555
5081,109.9926
5083,104.40112
5088,107.48277
5089,94.820175
5093,99.69746
5094,104.01328
5095,96.10346
5099,105.95171
5101,111.48691
5103,105.78492
5104,94.789185
5105,105.638725
5107,94.56389
5108,105.39165
5109,95.70647
5111,98.62274
5112,109.84478
5113,98.47872
5114,100.95976
5115,95.23676
5118,91.12676
5122,96.49878
5123,80.14053
5125,92.94772
5127,107.13134
5128,98.49781
5129,115.99586
5132,99.59469
5134,110.18725
5135,95.11796
5137,108.77668
5142,92.82468
5143,101.97337
5144,94.18728
5148,93.41705
5149,92.12376
5150,101.73232
5154,77.12093
5155,96.65544
5159,93.288445
5164,94.55138
5165,114.779976
5166,94.18023
5167,106.942955
5169,97.103966
5171,90.73983
5172,110.32842
5176,96.560074
5184,105.69948
5185,107.49825
5186,101.52658
5188,103.02329
5189,106.41929
5190,98.10882
5191,114.779976
5193,110.32842
5196,94.35797
5199,79.32485
5200,108.11851
5203,95.26315
5204,112.381096
5205,99.89643
5207,97.29252
5208,100.10079
5212,98.58014
5214,96.38723
5218,97.48589
5220,100.22418
5222,92.47438
5224,94.86111
5225,104.82287
5227,109.04717
5229,106.34154
5232,93.742905
5233,120.628456
5234,103.1314
5237,110.73081
5239,112.43905
5240,92.09925
5241,113.51236
5244,94.872894
5248,109.99259
5251,90.319626
5253,92.1636
5255,98.17849
5256,96.7227
5257,91.519226
5259,98.40258
5260,107.67635
5266,93.15276
5268,97.913994
5275,109.9926
5276,102.81797
5277,96.51925
5279,95.80768
5280,106.02244
5281,92.47562
5283,102.96589
5284,78.52825
5285,93.03596
5286,102.71305
5287,97.14683
5289,90.59996
5290,110.32842
5292,109.29795
5293,99.19593
5294,103.7584
5297,93.84943
5299,104.97665
5302,93.828285
5305,78.815674
5306,96.021454
5308,105.38329
5309,95.73105
5310,114.85063
5312,110.88002
5316,107.54422
5317,96.01705
5319,80.14053
5320,96.75783
5323,98.297905
5329,100.5727
5331,109.52289
5334,106.77846
5336,110.722145
5338,104.76303
5341,105.75969
5345,95.438156
5348,98.9203
5349,111.9783
5355,109.61253
5356,96.014175
5360,109.72563
5362,105.41653
5364,106.67431
5366,103.08401
5367,97.030136
5368,92.320724
5370,95.8755
5371,77.12093
5373,106.37802
5375,110.73081
5376,95.18643
5378,106.432014
5379,101.930145
5383,95.839714
5384,100.41634
5389,113.53228
5391,77.88604
5393,110.45805
5395,111.32557
5397,108.873764
5398,95.48554
5399,113.567116
5401,118.94738
5402,96.3913
5403,114.37145
5404,96.08854
5407,77.82314
5408,93.53813
5413,110.98563
5414,98.65138
5417,96.99189
5418,109.29795
5420,108.75401
5421,92.5756
5424,96.68377
5425,112.381096
5426,102.774925
5429,111.82228
5431,95.17945
5437,106.38037
5440,93.956314
5444,109.22577
5446,103.79856
5447,101.158806
5451,97.65309
5452,109.02471
5455,103.1314
5456,96.265434
5458,92.5529
5459,100.676575
5460,93.86164
5462,96.88508
5463,105.18023
5464,91.27254
5465,110.29099
5466,97.83923
5467,106.15602
5468,106.64709
5469,112.91058
5472,95.10362
5474,94.75091
5475,102.84797
5476,95.315384
5479,107.23582
5480,114.073555
5482,107.66387
5485,92.0385
5486,118.65618
5488,78.46287
5495,106.34154
5496,100.877106
5497,110.315155
5499,109.02036
5503,92.64636
5504,93.31451
5507,97.6896
5509,105.373505
5511,93.60151
5512,108.27579
5516,110.71832
5517,92.797134
5518,104.87743
5521,94.38414
5522,106.00471
5527,101.58476
5528,96.15576
5529,106.28671
5532,104.57404
5533,106.77144
5535,105.01917
5536,99.73583
5540,95.05878
5547,93.97178
5548,112.09034
5550,77.56855
5551,95.18073
5554,109.66912
5555,99.98349
5559,109.71078
5560,89.988144
5561,110.0282
5562,98.05511
5563,110.87303
5565,80.28009
5566,100.24536
5567,102.42446
5568,94.91646
5572,97.756134
5574,94.372
5576,101.599266
5579,111.851974
5580,84.42548
5581,90.46885
5583,96.102135
5584,111.20723
5586,108.89758
5587,94.155846
5589,103.4223
5591,107.83461
5592,94.96487
5593,107.54681
5594,96.00683
5595,83.68192
5596,110.04393
5597,104.307205
5598,116.33716
5599,95.62867
5602,115.10941
5603,96.00683
5605,94.152596
5607,94.841446
5608,94.73228
5609,97.34838
5610,95.536156
5612,95.20043
5613,106.307076
5614,95.95453
5616,94.62543
5621,93.71719
5623,98.11445
5628,112.21694
5629,96.50003
5631,110.32917
5633,99.789505
5638,103.67526
5639,94.00678
5640,99.47427
5645,101.16331
5646,80.48147
5649,95.285034
5653,103.322296
5655,116.10006
5656,93.74011
5658,94.81432
5662,119.22013
5663,91.30511
5667,92.87044
5670,95.62867
5671,102.303246
5672,94.8941
5673,104.050705
5674,92.236305
5675,103.681656
5676,93.85291
5679,113.34288
5683,108.20043
5687,95.208855
5688,77.12555
5690,97.0942
5691,112.89665
5692,96.54575
5693,107.67754
5694,93.06522
5697,112.409584
5698,93.62507
5699,110.06651
5704,97.06256
5707,113.34288
5709,95.453575
5710,92.420204
5714,93.28194
5718,94.007904
5721,95.174286
5723,95.63082
5724,111.07181
5725,92.17431
5726,103.1891
5729,99.5673
5730,103.84067
5731,96.21488
5733,78.99252
5736,93.53809
5741,116.772964
5745,110.965775
5747,94.076675
5748,109.592445
5750,111.670166
5751,109.4081
5752,96.05749
5754,95.16265
5755,94.33778
5757,100.26723
5758,116.29522
5760,107.759094
5762,104.98846
5766,108.01321
5768,96.902954
5769,119.121765
5770,99.07185
5771,110.652794
5772,91.3351
5773,103.431694
5774,94.66855
5776,94.73388
5777,110.06651
5778,93.35141
5780,109.309
5782,91.94407
5783,77.2261
5784,97.57647
5786,96.31705
5788,93.676994
5789,100.194084
5790,94.22867
5791,106.243744
5793,101.14259
5794,97.3013
5796,118.111374
5797,95.92591
5801,93.46626
5803,95.208855
5804,103.81927
5805,95.35272
5806,76.7662
5808,109.95534
5813,95.30788
5815,96.88395
5816,108.91258
5822,98.41897
5823,109.72693
5825,107.969185
5827,109.84006
5829,102.91133
5830,99.04252
5831,96.9295
5832,97.92523
5833,109.95534
5837,112.888374
5838,93.93158
5839,95.68376
5842,99.47427
5844,109.84486
5845,94.62803
5846,107.76453
5848,76.75952
5850,108.842606
5851,92.22569
5853,96.902954
5854,105.03587
5858,99.47427
5860,111.3367
5864,103.79722
5866,95.65152
5867,113.34288
5868,94.06474
5869,112.81197
5870,91.805504
5871,109.47627
5874,114.529396
5876,110.71264
5877,90.28028
5878,95.11358
5879,111.90839
5880,99.12498
5884,92.54619
5886,110.47916
5890,100.96978
5896,95.823555
5897,103.35713
5898,96.902954
5901,106.44103
5903,110.99554
5906,95.536156
5908,113.34288
5909,92.88437
5910,106.307076
5911,92.70483
5912,106.65505
5914,114.529396
5919,110.934555
5924,96.578445
5926,95.23115
5929,103.67073
5930,101.233246
5932,92.71515
5933,111.30508
5934,93.020676
5935,109.69719
5936,94.69692
5937,110.2049
5938,95.47427
5939,106.7009
5942,100.36075
5943,92.83121
5944,98.48103
5946,111.020195
5951,92.80377
5953,102.71477
5954,95.30788
5957,106.161194
5961,100.26574
5962,103.501526
5964,79.56613
5965,97.937874
5968,113.66859
5969,94.57113
5974,95.09216
5975,95.577965
5978,79.818825
5981,104.87743
5982,95.20544
5983,100.854706
5989,106.91008
5991,93.1173
5992,98.113914
5995,99.719635
5996,104.12597
5997,110.73624
5998,95.62113
5999,76.20205
6001,109.74235
6002,93.88948
6003,96.86342
6004,95.30788
6006,106.500755
6007,95.03797
6011,101.06902
6012,109.16902
6014,93.48547
6015,104.97078
6016,94.02945
6017,110.811325
6018,96.902954
6024,93.85291
6025,106.11403
6026,111.67995
6028,108.67129
6029,76.74814
6030,98.418045
6036,113.66859
6040,95.35272
6041,110.7415
6042,93.40032
6044,97.23348
6045,106.243744
6047,104.671455
6048,99.59653
6049,96.48607
6051,116.33716
6052,98.91052
6053,89.942116
6054,108.64672
6058,98.3639
6059,97.425156
6062,96.75783
6063,117.85172
6064,107.373505
6065,95.35272
6067,101.39842
6068,110.66293
6070,105.21523
6071,109.68078
6072,110.47916
6080,110.47916
6081,93.4417
6084,104.94112
6087,93.74484
6089,103.792854
6092,110.47916
6094,93.797386
6095,110.04393
6097,110.34822
6100,101.02934
6104,108.36833
6105,96.44303
6106,103.15205
6107,80.20694
6108,94.448074
6109,110.47916
6110,94.34377
6114,110.47916
6116,92.51162
6117,97.16734
6118,93.058334
6123,78.08949
6125,110.99554
6128,104.990105
6130,104.41675
6132,105.33189
6137,78.53691
6139,112.17042
6140,96.08854
6141,112.18485
6142,104.56437
6144,101.82323
6145,93.65037
6146,97.60556
6149,91.4859
6156,92.19829
6159,112.431755
6160,96.08854
6162,104.36405
6164,102.42589
6165,91.792755
6168,77.98275
6169,109.933815
6170,97.87919
6171,105.16647
6172,92.05706
6173,106.699585
6176,99.5673
6177,92.003395
6178,94.63513
6180,96.388504
6181,105.924644
6182,95.77448
6185,95.442375
6186,110.58226
6188,107.48829
6189,96.01139
6192,104.94112
6193,93.50412
6194,106.243744
6195,99.002464
6196,119.31225
6197,93.49441
6201,108.94692
6202,95.536156
6203,95.03311
6204,96.84408
6207,119.11384
6209,98.2842
6210,96.63465
6211,112.35247
6213,112.44798
6216,91.93785
6217,92.7013
6219,95.20043
6222,76.7662
6223,112.58163
6235,97.61853
6240,97.07471
6242,92.72523
6247,91.94039
6251,111.279854
6254,117.243126
6255,91.90887
6260,104.712364
6261,93.71239
6262,99.92121
6264,114.1197
6269,108.711494
6271,102.03899
6275,110.581085
6276,93.16377
6278,104.85368
6279,110.94425
6281,113.93783
6284,94.518684
6286,97.0648
6287,78.25847
6288,94.11769
6292,97.48258
6293,95.00957
6295,97.14817
6298,106.13095
6300,107.17716
6304,106.12102
6308,104.59914
6310,94.58948
6312,110.47916
6320,96.21488
6324,93.309166
6325,108.10809
6330,102.00414
6336,108.2428
6340,104.08541
6341,97.61853
6342,106.42618
6344,97.15484
6345,106.854416
6347,112.06882
6348,96.26143
6349,106.13095
6351,77.12093
6353,107.37427
6354,95.04095
6357,92.4223
6358,101.31858
6360,100.242516
6363,112.21694
6364,91.1958
6368,108.78306
6370,94.36651
6371,96.82425
6377,102.58064
6379,93.22889
6381,94.05
6382,77.12093
6383,111.992546
6388,110.88975
6390,107.922874
6392,102.91133
6393,102.541916
6395,92.01007
6398,105.384735
6401,76.7662
6402,94.82134
6403,109.047356
6405,96.59587
6406,91.156204
6407,110.06651
6409,105.26504
6411,93.19568
6413,94.56763
6416,97.14734
6417,104.73296
6418,94.665855
6419,120.73611
6420,106.63191
6426,104.30441
6429,101.419586
6430,94.65584
6431,109.047356
6432,98.07015
6434,99.56897
6437,112.732414
6438,92.996025
6439,104.39517
6440,93.20827
6441,93.43762
6442,109.41672
6443,96.108604
6445,94.10477
6448,113.34288
6450,105.02654
6453,97.82935
6455,102.75773
6457,95.536156
6458,98.058304
6461,95.57687
6464,110.7415
6467,95.59279
6469,101.29658
6470,78.85789
6471,98.937805
6473,107.48777
6474,93.06961
6479,95.43709
6481,99.604195
6484,110.08276
6495,88.9472
6496,106.10147
6505,106.01366
6506,91.48184
6508,99.43525
6509,94.39935
6510,107.13802
6512,105.40539
6513,97.68219
6514,108.33552
6515,90.5201
6519,93.86966
6521,98.65838
6523,77.72084
6525,99.96023
6526,97.41562
6528,94.090515
6529,99.59338
6531,108.27878
6533,101.73232
6534,92.55346
6535,111.020195
6536,91.746506
6537,112.87811
6540,92.43362
6541,111.992546
6547,104.65427
6548,101.39774
6551,111.27684
6553,104.984634
6555,104.94112
6556,97.12542
6561,77.50589
6564,94.30993
6565,111.020195
6568,97.46712
6569,109.41672
6573,100.50812
6574,97.99982
6577,113.51578
6579,112.21694
6581,94.98034
6582,109.93889
6585,107.15083
6586,94.19884
6589,106.230415
6590,77.248184
6593,103.276344
6594,111.17354
6595,91.20567
6599,94.36589
6600,94.38666
6601,108.54779
6602,91.1958
6603,113.34288
6604,97.87919
6607,108.12548
6608,110.76877
6609,92.82791
6611,95.05531
6613,109.41672
6614,96.85568
6616,93.77753
6617,109.41672
6618,95.97805
6619,103.38734
6621,104.94112
6627,101.64421
6629,107.21045
6631,76.75952
6634,93.30562
6636,96.217476
6638,97.46712
6639,109.41672
6641,109.72693
6642,99.79905
6651,116.73195
6654,78.01154
6657,95.33562
6663,94.24142
6665,102.89135
6666,97.36408
6668,95.14686
6669,104.94112
6670,97.17066
6671,100.60724
6673,97.6644
6675,95.61217
6676,77.12093
6677,93.64118
6679,95.300865
6680,107.23855
6681,107.13802
6685,106.243744
6688,95.47448
6689,89.85947
6690,95.43034
6692,109.41672
6693,92.47956
6694,94.846565
6698,120.93686
6699,93.02733
6700,106.87406
6701,95.536156
6702,113.90406
6704,89.85947
6707,105.116684
6712,110.934555
6713,92.03262
6715,106.69729
6721,104.81498
6722,95.20043
6723,108.4033
6724,92.928894
6725,118.64994
6731,109.37743
6735,88.34264
6736,105.65207
6737,108.68792
6738,98.41347
6739,99.65984
6741,100.72169
6743,97.99882
6745,95.14686
6747,109.89502
6749,93.445915
6750,108.47321
6751,112.55647
6752,105.96157
6753,109.41672
6755,107.63478
6756,91.76448
6757,102.833954
6759,110.67411
6761,94.01433
6763,98.937805
6764,119.121765
6765,95.08717
6766,114.719505
6768,106.500755
6771,89.85947
6773,93.645874
6774,99.89999
6778,107.96219
6779,96.18582
6781,97.108025
6784,105.00564
6786,98.086624
6787,96.69253
6790,100.13575
6793,104.39939
6795,109.54027
6798,110.7415
6806,95.62151
6807,95.67708
6810,93.362465
6815,104.467
6816,91.70779
6817,96.77674
6818,92.13474
6819,104.671455
6820,96.700424
6822,93.72245
6823,116.33716
6824,109.857544
6825,94.09268
6828,77.357155
6829,114.10219
6831,103.27702
6832,92.80078
6833,112.057045
6834,96.08854
6836,104.82706
6837,110.934555
6838,94.165276
6840,98.75413
6843,91.46205
6845,93.7135
6846,97.19477
6847,109.6023
6851,102.27326
6852,97.87002
6853,102.82105
6858,103.982834
6861,110.60587
6863,110.19482
6864,77.82314
6865,98.22954
6866,110.73081
6867,102.238464
6868,100.320305
6869,93.11308
6870,109.857544
6874,103.10706
6875,95.52509
6877,106.500755
6878,98.19617
6880,94.39522
6883,107.55308
6884,93.52369
6886,93.95275
6890,98.69192
6893,105.565704
6894,90.720146
6899,106.500755
6900,93.17184
6904,92.76129
6905,106.59308
6906,94.717834
6910,95.82914
6912,102.63738
6913,110.70636
6920,91.78168
6922,96.201
6923,109.54027
6926,95.337036
6927,103.11579
6928,92.58875
6931,114.77437
6933,94.60168
6936,90.40441
6937,109.9926
6939,94.474045
6941,98.795685
6942,104.58361
6943,92.70442
6944,101.89549
6945,91.4563
6946,104.847404
6947,118.18292
6949,108.41055
6951,107.56299
6953,102.16283
6954,94.449394
6955,106.062775
6963,108.86976
6964,94.17983
6966,101.30054
6968,94.080505
6970,105.924644
6972,109.2581
6976,107.36731
6978,110.73081
6981,96.199646
6985,108.90165
6986,93.25796
6987,109.24495
6989,101.15105
6991,116.33716
6993,112.271255
6994,95.753586
6995,108.47764
6996,93.04798
6997,112.02356
6998,80.87498
7001,107.003334
7003,109.975815
7006,90.87234
7008,90.45954
7010,92.24582
7011,98.06901
7012,93.825356
7013,94.12311
7014,107.65765
7017,96.59434
7018,94.21487
7019,93.285065
7023,92.38502
7024,102.433525
7025,94.3327
7026,108.84324
7027,91.74537
7028,114.447784
7030,109.54027
7031,98.718475
7033,104.0258
7036,94.393524
7037,94.38505
7039,93.17575
7044,93.895584
7045,110.934555
7046,105.98243
7049,96.0344
7050,91.2143
7051,105.924644
7054,107.385284
7055,94.79917
7057,91.10074
7060,106.500755
7061,96.902954
7063,92.84011
7064,110.50969
7067,94.39522
7071,100.0405
7074,105.55665
7075,92.629326
7078,110.934555
7079,89.624535
7080,101.87507
7081,96.6689
7082,110.99554
7083,95.60437
7085,101.74163
7092,104.671455
7094,93.1591
7100,93.63846
7101,103.76319
7102,110.73081
7104,110.98521
7105,96.902954
7106,97.83169
7107,101.34689
7108,76.656525
7109,92.78118
7110,109.9926
7112,96.49198
7113,107.13802
7114,103.31538
7116,110.98314
7117,99.42217
7118,98.742004
7120,92.45023
7121,102.91713
7123,104.40562
7124,94.51839
7127,106.80039
7131,105.29618
7132,92.13474
7133,97.05936
7134,109.08247
7135,91.45787
7136,109.85976
7137,95.1918
7141,95.821
7144,105.53589
7147,105.79679
7148,98.55152
7150,95.024635
7151,92.45023
7152,105.98863
7154,93.073494
7156,95.68388
7157,105.839966
7159,117.85172
7161,101.347984
7163,95.86863
7164,99.308784
7167,78.43198
7169,101.70077
7170,99.076996
7173,93.94842
7174,107.78602
7177,108.5402
7178,106.26234
7179,96.19783
7180,81.87558
7181,110.55528
7182,93.02496
7184,97.84321
7185,113.39883
7186,93.450966
7187,115.55302
7188,92.99332
7189,108.971985
7191,103.700676
7193,107.023994
7197,97.85864
7199,94.02401
7200,110.99554
7201,91.45787
7204,93.37643
7207,110.244286
7209,110.19482
7210,92.20331
7211,99.770164
7213,96.035034
7214,112.02356
7216,111.80486
7217,93.157524
7220,107.951904
7224,109.54027
7225,92.91165
7226,111.80486
7227,93.329994
7234,113.39883
7236,81.32667
7239,108.000626
7240,91.34098
7242,114.28238
7244,104.76166
7245,90.74726
7247,97.88022
7248,94.69487
7249,117.64313
7250,111.46765
7251,104.71479
7252,109.696945
7253,77.82314
7256,93.25699
7260,97.4518
7261,112.728455
7264,101.961586
7269,112.057976
7270,91.75435
7273,105.99052
7279,94.48374
7281,111.68328
7284,93.35922
7285,111.862686
7286,118.111374
7287,94.17588
7289,97.55609
7292,92.76828
7293,113.34288
7296,98.35569
7297,113.94563
7298,93.74503
7299,112.35194
7301,103.19713
7304,108.61467
7306,107.89841
7308,97.55609
7309,96.84909
7312,91.95
7313,77.82314
7314,96.29101
7316,94.44357
7319,109.74366
7321,111.96186
7323,99.669975
7324,102.88777
7325,94.38884
7328,94.38835
7330,77.0876
7334,94.64613
7337,113.00755
7338,103.94397
7339,96.22368
7341,92.76377
7342,113.00755
7344,102.736465
7345,103.644585
7347,106.862976
7349,111.68328
7350,94.38656
7353,103.840706
7355,110.73925
7356,94.85245
7357,116.00468
7358,101.92798
7360,94.7241
7363,99.54114
7364,94.042076
7366,105.53046
7368,92.95607
7369,109.585526
7370,97.631584
7373,94.66037
7374,100.91307
7375,98.33272
7377,95.146935
7379,97.994934
7380,119.28932
7382,100.72861
7383,92.67957
7385,107.17637
7386,103.84682
7391,96.045456
7394,93.71156
7396,111.46765
7397,94.07052
7399,100.2523
7400,106.26917
7403,79.66712
7405,110.89877
7408,103.65091
7414,107.820885
7416,100.0018
7417,93.06373
7419,92.90907
7420,104.21098
7421,95.87903
7422,93.94815
7423,96.864555
7425,77.27114
7430,101.24942
7432,95.696106
7433,103.81505
7434,104.152855
7436,108.454285
7437,93.043564
7438,107.446175
7440,101.05953
7441,92.30828
7442,110.23534
7445,94.763535
7446,95.56816
7448,110.356926
7450,95.401794
7451,93.55137
7454,102.810974
7455,103.92274
7457,110.01991
7459,95.82779
7462,93.031815
7464,93.55137
7465,103.37279
7466,94.26788
7467,107.845184
7469,103.38439
7472,95.59257
7473,109.24668
7479,94.64613
7480,106.785904
7484,103.30847
7491,93.1173
7494,100.0807
7495,96.82825
7501,98.22438
7503,91.96882
7504,107.13802
7505,97.87919
7508,110.58742
7509,89.68603
7510,77.82314
7511,112.16895
7515,98.007355
7516,100.44881
7517,95.79726
7518,104.40409
7519,93.342766
7521,97.411606
7522,105.48324
7524,99.40279
7526,105.25294
7527,94.2651
7528,102.794655
7529,92.4599
7534,106.60853
7537,107.35053
7538,97.19789
7540,105.981316
7541,110.58742
7545,113.4581
7551,110.131226
7553,95.05733
7554,101.53412
7555,97.93829
7561,110.862595
7562,95.03932
7564,95.55274
7565,101.28971
7566,93.047195
7567,107.51773
7569,101.20587
7570,94.94534
7571,116.73195
7572,102.49209
7574,100.99889
7578,108.58121
7579,94.08646
7586,92.05701
7587,85.16824
7590,92.63292
7593,109.24668
7594,102.83197
7595,93.047195
7600,97.30952
7601,78.52747
7602,94.43542
7603,111.62766
7604,97.2443
7606,100.8314
7608,112.64518
7613,78.08949
7615,108.678986
7616,108.55596
7617,113.21336
7618,94.2651
7619,106.243744
7622,105.602486
7623,104.574425
7624,96.935234
7625,99.87408
7626,94.27769
7627,102.86953
7628,75.37529
7631,102.90031
7632,106.243744
7633,94.14988
7634,106.09436
7635,93.06655
7636,112.27487
7637,112.27487
7639,92.7525
7640,77.12093
7644,110.99554
7645,95.16332
7648,105.88703
7649,96.578186
7650,109.857544
7652,103.37279
7653,92.94806
7655,94.43759
7659,108.75773
7662,97.06886
7664,99.072105
7666,96.941246
7668,103.00914
7669,106.74
7670,96.29117
7672,99.9838
7673,109.091034
7678,93.89516
7679,79.40205
7680,101.73232
7683,93.299614
7685,118.111374
7688,94.00252
7690,108.15077
7692,94.12101
7693,93.02298
7695,113.00755
7696,96.97754
7698,96.445
7699,108.179276
7702,91.490776
7703,112.056175
7704,96.6489
7707,112.16895
7713,78.04846
7715,102.59541
7717,109.63318
7718,101.813736
7719,102.880974
7721,107.54456
7722,102.17569
7725,101.66692
7727,101.07148
7730,79.922134
7733,93.78397
7735,102.42212
7740,112.10279
7741,110.40823
7742,92.20102
7744,98.2307
7747,94.24532
7750,76.94098
7752,106.68849
7754,106.306076
7756,105.807495
7757,99.134
7758,102.64927
7760,101.73232
7761,92.80693
7763,103.775345
7765,94.829025
7767,112.27487
7768,92.488144
7771,92.96274
7773,97.19547
7774,98.93869
7776,97.52482
7779,91.70836
7783,93.69252
7786,98.330894
7787,102.26193
7789,92.88543
7791,92.823296
7793,101.33249
7794,101.17306
7795,93.63298
7799,78.026596
7800,101.86437
7802,102.25082
7805,99.559654
7807,100.75296
7808,95.25179
7811,108.41055
7817,108.32801
7818,106.243744
7819,93.324455
7822,93.44022
7823,112.50645
7825,110.179565
7828,96.31256
7832,97.52296
7833,80.30155
7834,103.80904
7835,96.16379
7837,97.574356
7840,97.142975
7842,96.30192
7843,115.35498
7844,92.25543
7846,92.80693
7850,98.55202
7853,109.72693
7855,110.50548
7858,95.90041
7863,112.06735
7865,110.36019
7866,102.39346
7868,97.95339
7869,109.50867
7871,78.43198
7872,102.51457
7874,101.245514
7877,107.18514
7878,95.16332
7879,103.00096
7881,95.98012
7883,93.04107
7885,97.455414
7886,95.05733
7889,95.45036
7890,101.97371
7891,95.01923
7893,97.19005
7894,102.84375
7896,109.857544
7898,106.733505
7901,95.32982
7902,106.862976
7904,103.81913
7905,97.06038
7906,104.50225
7909,95.09553
7910,106.00209
7913,96.96902
7918,110.2732
7919,91.069336
7923,94.04963
7925,91.83495
7927,92.4723
7930,95.161
7932,100.044014
7933,95.15142
7935,93.930954
7939,104.778595
7942,100.31234
7943,103.227516
7945,99.02411
7946,92.95607
7948,100.68654
7949,109.24668
7950,93.927246
7951,112.27487
7955,103.00157
7959,94.95553
7960,112.10279
7961,95.55224
7962,102.95884
7964,97.65486
7965,95.65152
7966,110.83619
7967,104.89709
7968,100.88878
7971,109.3507
7974,91.069336
7976,102.45291
7978,109.01
7982,112.10279
7983,95.97805
7984,104.671455
7986,94.10378
7989,109.24668
7991,106.862976
7992,107.11098
7993,103.473495
7994,110.571465
7995,97.52296
7997,93.31711
7998,104.671455
7999,108.32801
8002,91.12134
8007,104.01621
8009,100.86543
8011,93.847206
8013,101.916916
8015,106.201584
8017,110.64911
8019,117.79706
8023,97.86123
8024,113.00755
8026,111.04126
8027,93.148186
8029,95.70761
8030,104.68983
8031,94.81196
8033,101.78727
8035,98.38798
8036,109.69492
8039,107.91985
8042,89.66804
8044,94.03577
8046,76.78795
8048,114.047195
8049,97.06038
8050,104.95665
8053,96.18351
8054,98.2856
8059,96.17651
8061,94.90638
8062,110.0706
8064,106.46493
8066,105.125336
8067,96.27629
8068,94.95063
8070,98.18724
8071,113.34288
8072,96.137314
8076,95.14805
8080,92.591225
8081,109.59405
8084,102.722626
8087,103.33204
8089,92.60081
8090,118.80745
8091,103.07296
8094,116.59848
8100,92.896675
8101,92.80385
8110,96.328445
8111,106.862976
8112,95.22366
8115,104.47394
8116,101.6941
8118,106.46493
8121,120.42179
8125,112.09546
8127,105.76361
8128,98.78155
8129,106.94867
8131,99.355865
8138,96.31608
8139,104.39838
8140,93.81736
8141,97.19547
8142,121.97551
8143,109.18518
8145,111.04126
8146,89.17536
8148,108.54779
8153,110.50885
8154,91.570984
8155,107.23219
8161,96.0346
8162,107.472206
8163,89.49313
8166,110.75947
8168,110.7415
8170,99.239296
8172,107.023994
8173,92.170364
8176,105.83923
8179,98.94513
8181,92.89535
8182,117.90156
8184,111.591415
8190,101.73232
8191,94.46021
8194,103.307495
8196,110.37727
8198,106.98384
8199,110.71832
8201,111.254036
8202,95.50221
8207,94.38391
8208,108.3257
8211,114.24417
8214,109.52352
8217,96.57982
8218,99.43209
8222,93.482956
8229,106.931694
8231,95.60725
8233,95.593796
8236,92.793495
8238,109.06178
8240,101.78724
8243,99.76297
8246,98.70698
8250,95.35415
8254,106.5741
8256,76.782135
8257,99.24209
8258,98.337265
8260,94.311195
8261,104.86539
8263,111.79225
8264,95.01411
8267,105.85706
8268,94.9579
8271,97.25635
8272,108.3257
8275,96.13632
8276,94.06058
8277,109.85709
8278,117.51423
8279,93.840294
8280,107.8729
8281,98.61343
8282,98.04328
8287,111.3376
8288,91.63282
8289,112.39671
8294,101.5654
8296,100.6044
8299,103.01118
8302,103.6508
8308,110.12503
8314,105.68187
8315,102.92732
8316,107.06755
8317,98.523964
8319,106.97846
8320,94.05164
8321,118.20419
8323,92.79551
8325,96.33439
8326,111.20391
8328,108.85913
8330,103.57642
8331,92.88305
8332,111.30562
8334,93.25082
8338,90.6587
8339,94.48953
8341,98.62866
8345,110.438515
8346,95.69537
8347,106.98509
8349,95.865364
8351,98.02619
8352,108.77422
8353,108.85913
8355,107.98609
8358,110.65242
8359,99.68934
8360,96.66003
8361,107.63307
8363,98.357605
8364,94.78171
8365,96.95374
8366,109.406586
8370,105.00279
8372,97.97793
8376,98.92105
8377,105.362915
8379,109.79083
8380,94.282845
8381,107.127075
8386,92.20922
8388,103.3973
8389,92.993706
8391,107.50868
8394,106.5741
8396,108.37404
8398,98.471344
8400,110.88187
8401,92.77897
8404,98.62866
8407,96.03437
8408,114.89686
8409,108.85913
8410,109.13953
8411,100.617195
8413,100.87121
8414,105.9602
8416,96.596436
